Workbook

Sheet State_Data
A1: State/UT | B1: Glucose - Women (%) | C1: BP - Women (%) | D1: Overweight - Women (%) | E1: Glucose - Men (%) | F1: BP - Men (%) | G1: Overweight - Men (%)
A2: Andaman & Nicobar Islands | B2: 17.47 | C2: 25.29 | D2: 38.11 | E2: 17.93 | F2: 30.16 | G2: 45.3
A3: Andhra Pradesh | B3: 19.5 | C3: 25.26 | D3: 36.25 | E3: 21.81 | F3: 29 | G3: 31.08
A4: Arunachal Pradesh | B4: 8.39 | C4: 24.88 | D4: 23.87 | E4: 11.87 | F4: 33.07 | G4: 27.57
A5: Assam | B5: 12.8 | C5: 19.1 | D5: 15.16 | E5: 15.98 | F5: 20.26 | G5: 16.22
A6: Bihar | B6: 12.71 | C6: 15.92 | D6: 15.93 | E6: 16.24 | F6: 18.36 | G6: 14.66
A7: Chandigarh | B7: 18.95 | C7: 25.03 | D7: 44.02 | E7: 16.62 | F7: 30.62 | G7: 34.44
A8: Chhattisgarh | B8: 9.01 | C8: 23.58 | D8: 14.11 | E8: 10.83 | F8: 27.7 | G8: 14.94
A9: Dadra and Nagar Haveli & Daman and Diu | B9: 13.6 | C9: 14.91 | D9: 26.84 | E9: 16.39 | F9: 15.39 | G9: 21.37
A10: Goa | B10: 20.82 | C10: 27.47 | D10: 36.09 | E10: 24.13 | F10: 26.82 | G10: 32.56
A11: Gujarat | B11: 15.84 | C11: 20.55 | D11: 22.64 | E11: 16.9 | F11: 20.31 | G11: 19.94
A12: Haryana | B12: 11.93 | C12: 21.01 | D12: 33.05 | E12: 13.46 | F12: 25.12 | G12: 28.32
A13: Himachal Pradesh | B13: 13.88 | C13: 22.21 | D13: 30.43 | E13: 14.72 | F13: 24.36 | G13: 30.6
... A37: West Bengal | B37: 17.49 | C37: 20.46 | D37: 22.73 | E37: 21.31 | F37: 20.12 | G37: 16.19

Sheet LDIS_Score
A1: LIFESTYLE DISEASE INDICATOR SCORE (LDIS) - Baseline vs Standardized - CORRECTED
A3: State/UT | B3: LDIS_Raw_Women (avg of 3 %) | C3: LDIS_Raw_Men (avg of 3 %) | D3: Rank_Raw_Women (1=highest) | E3: Rank_Raw_Men (1=highest) | F3: LDIS_Standardized_Women (avg of z-scores) | G3: LDIS_Standardized_Men (avg of z-scores) | H3: Rank_Std_Women (1=highest) | I3: Rank_Std_Men (1=highest)
A4: =State_Data!A2 -> Andaman & Nicobar Islands | B4: =AVERAGE(State_Data!B2,State_Data!C2,State_Data!D2) -> 26.956667 | C4: =AVERAGE(State_Data!E2,State_Data!F2,State_Data!G2) -> 31.13 | D4: =RANK(B4,$B$4:$B$39) -> 9 | E4: =RANK(C4,$C$4:$C$39) -> 4 | F4: =AVERAGE((State_Data!B2-AVERAGE(State_Data!$B$2:$B$37))/STDEV(State_Data!$B$2:$B$37),(State_Data!C2-AVERAGE(State_Data!$C$2:$C$37))/STDEV(State_Data!$C$2:$C$37),(State_Data!D2-AVERAGE(State_Data!$D$2:$D$37))/STDEV(State_Data!$D$2:$D$37)) -> 0.84000469 | G4: =AVERAGE((State_Data!E2-AVERAGE(State_Data!$E$2:$E$37))/STDEV(State_Data!$E$2:$E$37),(State_Data!F2-AVERAGE(State_Data!$F$2:$F$37))/STDEV(State_Data!$F$2:$F$37),(State_Data!G2-AVERAGE(State_Data!$G$2:$G$37))/STDEV(State_Data!$G$2:$G$37)) -> 1.0269995 | H4: =RANK(F4,$F$4:$F$39) -> 9 | I4: =RANK(G4,$G$4:$G$39) -> 5
A5: =State_Data!A3 -> Andhra Pradesh | B5: =AVERAGE(State_Data!B3,State_Data!C3,State_Data!D3) -> 27.003333 | C5: =AVERAGE(State_Data!E3,State_Data!F3,State_Data!G3) -> 27.296667 | D5: =RANK(B5,$B$4:$B$39) -> 8 | E5: =RANK(C5,$C$4:$C$39) -> 10 | F5: =AVERAGE((State_Data!B3-AVERAGE(State_Data!$B$2:$B$37))/STDEV(State_Data!$B$2:$B$37),(State_Data!C3-AVERAGE(State_Data!$C$2:$C$37))/STDEV(State_Data!$C$2:$C$37),(State_Data!D3-AVERAGE(State_Data!$D$2:$D$37))/STDEV(State_Data!$D$2:$D$37)) -> 0.92885043 | G5: =AVERAGE((State_Data!E3-AVERAGE(State_Data!$E$2:$E$37))/STDEV(State_Data!$E$2:$E$37),(State_Data!F3-AVERAGE(State_Data!$F$2:$F$37))/STDEV(State_Data!$F$2:$F$37),(State_Data!G3-AVERAGE(State_Data!$G$2:$G$37))/STDEV(State_Data!$G$2:$G$37)) -> 0.73743264 | H5: =RANK(F5,$F$4:$F$39) -> 8 | I5: =RANK(G5,$G$4:$G$39) -> 8
A6: =State_Data!A4 -> Arunachal Pradesh | B6: =AVERAGE(State_Data!B4,State_Data!C4,State_Data!D4) -> 19.046667 | C6: =AVERAGE(State_Data!E4,State_Data!F4,State_Data!G4) -> 24.17 | D6: =RANK(B6,$B$4:$B$39) -> 24 | E6: =RANK(C6,$C$4:$C$39) -> 17 | F6: =AVERAGE((State_Data!B4-AVERAGE(State_Data!$B$2:$B$37))/STDEV(State_Data!$B$2:$B$37),(State_Data!C4-AVERAGE(State_Data!$C$2:$C$37))/STDEV(State_Data!$C$2:$C$37),(State_Data!D4-AVERAGE(State_Data!$D$2:$D$37))/STDEV(State_Data!$D$2:$D$37)) -> -0.36390261 | G6: =AVERAGE((State_Data!E4-AVERAGE(State_Data!$E$2:$E$37))/STDEV(State_Data!$E$2:$E$37),(State_Data!F4-AVERAGE(State_Data!$F$2:$F$37))/STDEV(State_Data!$F$2:$F$37),(State_Data!G4-AVERAGE(State_Data!$G$2:$G$37))/STDEV(State_Data!$G$2:$G$37)) -> 0.070544609 | H6: =RANK(F6,$F$4:$F$39) -> 23 | I6: =RANK(G6,$G$4:$G$39) -> 16
A7: =State_Data!A5 -> Assam | B7: =AVERAGE(State_Data!B5,State_Data!C5,State_Data!D5) -> 15.686667 | C7: =AVERAGE(State_Data!E5,State_Data!F5,State_Data!G5) -> 17.486667 | D7: =RANK(B7,$B$4:$B$39) -> 29 | E7: =RANK(C7,$C$4:$C$39) -> 30 | F7: =AVERAGE((State_Data!B5-AVERAGE(State_Data!$B$2:$B$37))/STDEV(State_Data!$B$2:$B$37),(State_Data!C5-AVERAGE(State_Data!$C$2:$C$37))/STDEV(State_Data!$C$2:$C$37),(State_Data!D5-AVERAGE(State_Data!$D$2:$D$37))/STDEV(State_Data!$D$2:$D$37)) -> -0.75952263 | G7: =AVERAGE((State_Data!E5-AVERAGE(State_Data!$E$2:$E$37))/STDEV(State_Data!$E$2:$E$37),(State_Data!F5-AVERAGE(State_Data!$F$2:$F$37))/STDEV(State_Data!$F$2:$F$37),(State_Data!G5-AVERAGE(State_Data!$G$2:$G$37))/STDEV(State_Data!$G$2:$G$37)) -> -0.74053535 | H7: =RANK(F7,$F$4:$F$39) -> 28 | I7: =RANK(G7,$G$4:$G$39) -> 27
A8: =State_Data!A6 -> Bihar | B8: =AVERAGE(State_Data!B6,State_Data!C6,State_Data!D6) -> 14.853333 | C8: =AVERAGE(State_Data!E6,State_Data!F6,State_Data!G6) -> 16.42 | D8: =RANK(B8,$B$4:$B$39) -> 33 | E8: =RANK(C8,$C$4:$C$39) -> 34 | F8: =AVERAGE((State_Data!B6-AVERAGE(State_Data!$B$2:$B$37))/STDEV(State_Data!$B$2:$B$37),(State_Data!C6-AVERAGE(State_Data!$C$2:$C$37))/STDEV(State_Data!$C$2:$C$37),(State_Data!D6-AVERAGE(State_Data!$D$2:$D$37))/STDEV(State_Data!$D$2:$D$37)) -> -0.97960295 | G8: =AVERAGE((State_Data!E6-AVERAGE(State_Data!$E$2:$E$37))/STDEV(State_Data!$E$2:$E$37),(State_Data!F6-AVERAGE(State_Data!$F$2:$F$37))/STDEV(State_Data!$F$2:$F$37),(State_Data!G6-AVERAGE(State_Data!$G$2:$G$37))/STDEV(State_Data!$G$2:$G$37)) -> -0.88312946 | H8: =RANK(F8,$F$4:$F$39) -> 32 | I8: =RANK(G8,$G$4:$G$39) -> 32
A9: =State_Data!A7 -> Chandigarh | B9: =AVERAGE(State_Data!B7,State_Data!C7,State_Data!D7) -> 29.333333 | C9: =AVERAGE(State_Data!E7,State_Data!F7,State_Data!G7) -> 27.226667 | D9: =RANK(B9,$B$4:$B$39) -> 3 | E9: =RANK(C9,$C$4:$C$39) -> 12 | F9: =AVERAGE((State_Data!B7-AVERAGE(State_Data!$B$2:$B$37))/STDEV(State_Data!$B$2:$B$37),(State_Data!C7-AVERAGE(State_Data!$C$2:$C$37))/STDEV(State_Data!$C$2:$C$37),(State_Data!D7-AVERAGE(State_Data!$D$2:$D$37))/STDEV(State_Data!$D$2:$D$37)) -> 1.1334229 | G9: =AVERAGE((State_Data!E7-AVERAGE(State_Data!$E$2:$E$37))/STDEV(State_Data!$E$2:$E$37),(State_Data!F7-AVERAGE(State_Data!$F$2:$F$37))/STDEV(State_Data!$F$2:$F$37),(State_Data!G7-AVERAGE(State_Data!$G$2:$G$37))/STDEV(State_Data!$G$2:$G$37)) -> 0.55232974 | H9: =RANK(F9,$F$4:$F$39) -> 5 | I9: =RANK(G9,$G$4:$G$39) -> 12
A10: =State_Data!A8 -> Chhattisgarh | B10: =AVERAGE(State_Data!B8,State_Data!C8,State_Data!D8) -> 15.566667 | C10: =AVERAGE(State_Data!E8,State_Data!F8,State_Data!G8) -> 17.823333 | D10: =RANK(B10,$B$4:$B$39) -> 31 | E10: =RANK(C10,$C$4:$C$39) -> 28 | F10: =AVERAGE((State_Data!B8-AVERAGE(State_Data!$B$2:$B$37))/STDEV(State_Data!$B$2:$B$37),(State_Data!C8-AVERAGE(State_Data!$C$2:$C$37))/STDEV(State_Data!$C$2:$C$37),(State_Data!D8-AVERAGE(State_Data!$D$2:$D$37))/STDEV(State_Data!$D$2:$D$37)) -> -0.74585614 | G10: =AVERAGE((State_Data!E8-AVERAGE(State_Data!$E$2:$E$37))/STDEV(State_Data!$E$2:$E$37),(State_Data!F8-AVERAGE(State_Data!$F$2:$F$37))/STDEV(State_Data!$F$2:$F$37),(State_Data!G8-AVERAGE(State_Data!$G$2:$G$37))/STDEV(State_Data!$G$2:$G$37)) -> -0.77118224 | H10: =RANK(F10,$F$4:$F$39) -> 27 | I10: =RANK(G10,$G$4:$G$39) -> 28
A11: =State_Data!A9 -> Dadra and Nagar Haveli & Daman and Diu | B11: =AVERAGE(State_Data!B9,State_Data!C9,State_Data!D9) -> 18.45 | C11: =AVERAGE(State_Data!E9,State_Data!F9,State_Data!G9) -> 17.716667 | D11: =RANK(B11,$B$4:$B$39) -> 26 | E11: =RANK(C11,$C$4:$C$39) -> 29 | F11: =AVERAGE((State_Data!B9-AVERAGE(State_Data!$B$2:$B$37))/STDEV(State_Data!$B$2:$B$37),(State_Data!C9-AVERAGE(State_Data!$C$2:$C$37))/STDEV(State_Data!$C$2:$C$37),(State_Data!D9-AVERAGE(State_Data!$D$2:$D$37))/STDEV(State_Data!$D$2:$D$37)) -> -0.61779188 | G11: =AVERAGE((State_Data!E9-AVERAGE(State_Data!$E$2:$E$37))/STDEV(State_Data!$E$2:$E$37),(State_Data!F9-AVERAGE(State_Data!$F$2:$F$37))/STDEV(State_Data!$F$2:$F$37),(State_Data!G9-AVERAGE(State_Data!$G$2:$G$37))/STDEV(State_Data!$G$2:$G$37)) -> -0.7891075 | H11: =RANK(F11,$F$4:$F$39) -> 26 | I11: =RANK(G11,$G$4:$G$39) -> 29
A12: =State_Data!A10 -> Goa | B12: =AVERAGE(State_Data!B10,State_Data!C10,State_Data!D10) -> 28.126667 | C12: =AVERAGE(State_Data!E10,State_Data!F10,State_Data!G10) -> 27.836667 | D12: =RANK(B12,$B$4:$B$39) -> 6 | E12: =RANK(C12,$C$4:$C$39) -> 9 | F12: =AVERAGE((State_Data!B10-AVERAGE(State_Data!$B$2:$B$37))/STDEV(State_Data!$B$2:$B$37),(State_Data!C10-AVERAGE(State_Data!$C$2:$C$37))/STDEV(State_Data!$C$2:$C$37),(State_Data!D10-AVERAGE(State_Data!$D$2:$D$37))/STDEV(State_Data!$D$2:$D$37)) -> 1.1900594 | G12: =AVERAGE((State_Data!E10-AVERAGE(State_Data!$E$2:$E$37))/STDEV(State_Data!$E$2:$E$37),(State_Data!F10-AVERAGE(State_Data!$F$2:$F$37))/STDEV(State_Data!$F$2:$F$37),(State_Data!G10-AVERAGE(State_Data!$G$2:$G$37))/STDEV(State_Data!$G$2:$G$37)) -> 0.84931897 | H12: =RANK(F12,$F$4:$F$39) -> 2 | I12: =RANK(G12,$G$4:$G$39) -> 6
A13: =State_Data!A11 -> Gujarat | B13: =AVERAGE(State_Data!B11,State_Data!C11,State_Data!D11) -> 19.676667 | C13: =AVERAGE(State_Data!E11,State_Data!F11,State_Data!G11) -> 19.05 | D13: =RANK(B13,$B$4:$B$39) -> 21 | E13: =RANK(C13,$C$4:$C$39) -> 27 | F13: =AVERAGE((State_Data!B11-AVERAGE(State_Data!$B$2:$B$37))/STDEV(State_Data!$B$2:$B$37),(State_Data!C11-AVERAGE(State_Data!$C$2:$C$37))/STDEV(State_Data!$C$2:$C$37),(State_Data!D11-AVERAGE(State_Data!$D$2:$D$37))/STDEV(State_Data!$D$2:$D$37)) -> -0.1655931 | G13: =AVERAGE((State_Data!E11-AVERAGE(State_Data!$E$2:$E$37))/STDEV(State_Data!$E$2:$E$37),(State_Data!F11-AVERAGE(State_Data!$F$2:$F$37))/STDEV(State_Data!$F$2:$F$37),(State_Data!G11-AVERAGE(State_Data!$G$2:$G$37))/STDEV(State_Data!$G$2:$G$37)) -> -0.53027863 | H13: =RANK(F13,$F$4:$F$39) -> 21 | I13: =RANK(G13,$G$4:$G$39) -> 25
A14: =State_Data!A12 -> Haryana | B14: =AVERAGE(State_Data!B12,State_Data!C12,State_Data!D12) -> 21.996667 | C14: =AVERAGE(State_Data!E12,State_Data!F12,State_Data!G12) -> 22.3 | D14: =RANK(B14,$B$4:$B$39) -> 16 | E14: =RANK(C14,$C$4:$C$39) -> 19 | F14: =AVERAGE((State_Data!B12-AVERAGE(State_Data!$B$2:$B$37))/STDEV(State_Data!$B$2:$B$37),(State_Data!C12-AVERAGE(State_Data!$C$2:$C$37))/STDEV(State_Data!$C$2:$C$37),(State_Data!D12-AVERAGE(State_Data!$D$2:$D$37))/STDEV(State_Data!$D$2:$D$37)) -> -0.074758429 | G14: =AVERAGE((State_Data!E12-AVERAGE(State_Data!$E$2:$E$37))/STDEV(State_Data!$E$2:$E$37),(State_Data!F12-AVERAGE(State_Data!$F$2:$F$37))/STDEV(State_Data!$F$2:$F$37),(State_Data!G12-AVERAGE(State_Data!$G$2:$G$37))/STDEV(State_Data!$G$2:$G$37)) -> -0.21980099 | H14: =RANK(F14,$F$4:$F$39) -> 18 | I14: =RANK(G14,$G$4:$G$39) -> 21
A15: =State_Data!A13 -> Himachal Pradesh | B15: =AVERAGE(State_Data!B13,State_Data!C13,State_Data!D13) -> 22.173333 | C15: =AVERAGE(State_Data!E13,State_Data!F13,State_Data!G13) -> 23.226667 | D15: =RANK(B15,$B$4:$B$39) -> 15 | E15: =RANK(C15,$C$4:$C$39) -> 18 | F15: =AVERAGE((State_Data!B13-AVERAGE(State_Data!$B$2:$B$37))/STDEV(State_Data!$B$2:$B$37),(State_Data!C13-AVERAGE(State_Data!$C$2:$C$37))/STDEV(State_Data!$C$2:$C$37),(State_Data!D13-AVERAGE(State_Data!$D$2:$D$37))/STDEV(State_Data!$D$2:$D$37)) -> 0.07480692 | G15: =AVERAGE((State_Data!E13-AVERAGE(State_Data!$E$2:$E$37))/STDEV(State_Data!$E$2:$E$37),(State_Data!F13-AVERAGE(State_Data!$F$2:$F$37))/STDEV(State_Data!$F$2:$F$37),(State_Data!G13-AVERAGE(State_Data!$G$2:$G$37))/STDEV(State_Data!$G$2:$G$37)) -> -0.081256834 | H15: =RANK(F15,$F$4:$F$39) -> 15 | I15: =RANK(G15,$G$4:$G$39) -> 18
... A39: =State_Data!A37 -> West Bengal | B39: =AVERAGE(State_Data!B37,State_Data!C37,State_Data!D37) -> 20.226667 | C39: =AVERAGE(State_Data!E37,State_Data!F37,State_Data!G37) -> 19.206667 | D39: =RANK(B39,$B$4:$B$39) -> 18 | E39: =RANK(C39,$C$4:$C$39) -> 26 | F39: =AVERAGE((State_Data!B37-AVERAGE(State_Data!$B$2:$B$37))/STDEV(State_Data!$B$2:$B$37),(State_Data!C37-AVERAGE(State_Data!$C$2:$C$37))/STDEV(State_Data!$C$2:$C$37),(State_Data!D37-AVERAGE(State_Data!$D$2:$D$37))/STDEV(State_Data!$D$2:$D$37)) -> -0.043960976 | G39: =AVERAGE((State_Data!E37-AVERAGE(State_Data!$E$2:$E$37))/STDEV(State_Data!$E$2:$E$37),(State_Data!F37-AVERAGE(State_Data!$F$2:$F$37))/STDEV(State_Data!$F$2:$F$37),(State_Data!G37-AVERAGE(State_Data!$G$2:$G$37))/STDEV(State_Data!$G$2:$G$37)) -> -0.34025529 | H39: =RANK(F39,$F$4:$F$39) -> 17 | I39: =RANK(G39,$G$4:$G$39) -> 23

Sheet Sensitivity_Check
A1: SENSITIVITY CHECK - CORRECTED
A3: WOMEN - States with highest lifestyle-disease indicator score
A4: Rank | B4: Top 5 - Raw LDIS | C4: Top 5 - Standardized LDIS
A5: 1 | B5: =INDEX(LDIS_Score!$A$4:$A$39,MATCH(LARGE(LDIS_Score!$B$4:$B$39,1),LDIS_Score!$B$4:$B$39,0)) -> Kerala | C5: =INDEX(LDIS_Score!$A$4:$A$39,MATCH(LARGE(LDIS_Score!$F$4:$F$39,1),LDIS_Score!$F$4:$F$39,0)) -> Kerala
A6: 2 | B6: =INDEX(LDIS_Score!$A$4:$A$39,MATCH(LARGE(LDIS_Score!$B$4:$B$39,2),LDIS_Score!$B$4:$B$39,0)) -> Puducherry | C6: =INDEX(LDIS_Score!$A$4:$A$39,MATCH(LARGE(LDIS_Score!$F$4:$F$39,2),LDIS_Score!$F$4:$F$39,0)) -> Goa
A7: 3 | B7: =INDEX(LDIS_Score!$A$4:$A$39,MATCH(LARGE(LDIS_Score!$B$4:$B$39,3),LDIS_Score!$B$4:$B$39,0)) -> Chandigarh | C7: =INDEX(LDIS_Score!$A$4:$A$39,MATCH(LARGE(LDIS_Score!$F$4:$F$39,3),LDIS_Score!$F$4:$F$39,0)) -> Punjab
A8: 4 | B8: =INDEX(LDIS_Score!$A$4:$A$39,MATCH(LARGE(LDIS_Score!$B$4:$B$39,4),LDIS_Score!$B$4:$B$39,0)) -> Punjab | C8: =INDEX(LDIS_Score!$A$4:$A$39,MATCH(LARGE(LDIS_Score!$F$4:$F$39,4),LDIS_Score!$F$4:$F$39,0)) -> Puducherry
A9: 5 | B9: =INDEX(LDIS_Score!$A$4:$A$39,MATCH(LARGE(LDIS_Score!$B$4:$B$39,5),LDIS_Score!$B$4:$B$39,0)) -> Tamil Nadu | C9: =INDEX(LDIS_Score!$A$4:$A$39,MATCH(LARGE(LDIS_Score!$F$4:$F$39,5),LDIS_Score!$F$4:$F$39,0)) -> Chandigarh
A11: MEN - States with highest lifestyle-disease indicator score
A12: Rank | B12: Top 5 - Raw LDIS | C12: Top 5 - Standardized LDIS
A13: 1 | B13: =INDEX(LDIS_Score!$A$4:$A$39,MATCH(LARGE(LDIS_Score!$C$4:$C$39,1),LDIS_Score!$C$4:$C$39,0)) -> Kerala | C13: =INDEX(LDIS_Score!$A$4:$A$39,MATCH(LARGE(LDIS_Score!$G$4:$G$39,1),LDIS_Score!$G$4:$G$39,0)) -> Kerala
A14: 2 | B14: =INDEX(LDIS_Score!$A$4:$A$39,MATCH(LARGE(LDIS_Score!$C$4:$C$39,2),LDIS_Score!$C$4:$C$39,0)) -> Puducherry | C14: =INDEX(LDIS_Score!$A$4:$A$39,MATCH(LARGE(LDIS_Score!$G$4:$G$39,2),LDIS_Score!$G$4:$G$39,0)) -> Puducherry
A15: 3 | B15: =INDEX(LDIS_Score!$A$4:$A$39,MATCH(LARGE(LDIS_Score!$C$4:$C$39,3),LDIS_Score!$C$4:$C$39,0)) -> Sikkim | C15: =INDEX(LDIS_Score!$A$4:$A$39,MATCH(LARGE(LDIS_Score!$G$4:$G$39,3),LDIS_Score!$G$4:$G$39,0)) -> Sikkim
A16: 4 | B16: =INDEX(LDIS_Score!$A$4:$A$39,MATCH(LARGE(LDIS_Score!$C$4:$C$39,4),LDIS_Score!$C$4:$C$39,0)) -> Andaman & Nicobar Islands | C16: =INDEX(LDIS_Score!$A$4:$A$39,MATCH(LARGE(LDIS_Score!$G$4:$G$39,4),LDIS_Score!$G$4:$G$39,0)) -> Tamil Nadu
A17: 5 | B17: =INDEX(LDIS_Score!$A$4:$A$39,MATCH(LARGE(LDIS_Score!$C$4:$C$39,5),LDIS_Score!$C$4:$C$39,0)) -> Tamil Nadu | C17: =INDEX(LDIS_Score!$A$4:$A$39,MATCH(LARGE(LDIS_Score!$G$4:$G$39,5),LDIS_Score!$G$4:$G$39,0)) -> Andaman & Nicobar Islands
A19: Data corrected after Python validation caught mis-parsed negative values in the Overweight columns for 2 additional states. Compare the two columns - if the same states appear in both, the finding is stable regardless of scoring method.
