Workbook

Sheet State_Level_Data
A1: State_UT | B1: High Blood Sugar - Women (%) | C1: High Blood Sugar - Men (%) | D1: Elevated Blood Pressure - Women (%) | E1: Elevated Blood Pressure - Men (%) | F1: Overweight/Obese - Women (%) | G1: Overweight/Obese - Men (%)
A2: Andaman & Nicobar Islands | B2: 17.47 | C2: 17.93 | D2: 25.29 | E2: 30.16 | F2: 38.11 | G2: 45.3
A3: Andhra Pradesh | B3: 19.5 | C3: 21.81 | D3: 25.26 | E3: 29 | F3: 36.25 | G3: 31.08
A4: Arunachal Pradesh | B4: 8.39 | C4: 11.87 | D4: 24.88 | E4: 33.07 | F4: 23.87 | G4: 27.57
A5: Assam | B5: 12.8 | C5: 15.98 | D5: 19.1 | E5: 20.26 | F5: 15.16 | G5: 16.22
A6: Bihar | B6: 12.71 | C6: 16.24 | D6: 15.92 | E6: 18.36 | F6: 15.93 | G6: 14.66
A7: Chandigarh | B7: 18.95 | C7: 16.62 | D7: 25.03 | E7: 30.62 | F7: 44.02 | G7: 34.44
A8: Chhattisgarh | B8: 9.01 | C8: 10.83 | D8: 23.58 | E8: 27.7 | F8: 14.11 | G8: 14.94
A9: Dadra and Nagar Haveli & Daman and Diu | B9: 13.6 | C9: 16.39 | D9: 14.91 | E9: 15.39 | F9: 26.84 | G9: 21.37
A10: Goa | B10: 20.82 | C10: 24.13 | D10: 27.47 | E10: 26.82 | F10: 36.09 | G10: 32.56
A11: Gujarat | B11: 15.84 | C11: 16.9 | D11: 20.55 | E11: 20.31 | F11: 22.64 | G11: 19.94
A12: Haryana | B12: 11.93 | C12: 13.46 | D12: 21.01 | E12: 25.12 | F12: 33.05 | G12: 28.32
A13: Himachal Pradesh | B13: 13.88 | C13: 14.72 | D13: 22.21 | E13: 24.36 | F13: 30.43 | G13: 30.6
... A37: West Bengal | B37: 17.49 | C37: 21.31 | D37: 20.46 | E37: 20.12 | F37: 22.73 | G37: 16.19

Sheet Summary_Stats
A1: EXPLORATORY ANALYSIS - Individual Indicators (36 States/UTs, Total area, excluding India) - CORRECTED
A3: Indicator | B3: National Figure (India, reported) | C3: Average of States (unweighted) | D3: Median of States | E3: Highest State | F3: Highest Value | G3: Lowest State | H3: Lowest Value | I3: Spread (Max-Min)
A4: High Blood Sugar - Women (%) | B4: 13.51 | C4: =AVERAGE(State_Level_Data!B2:B37) -> 13.863333 | D4: =MEDIAN(State_Level_Data!B2:B37) -> 13.6 | E4: =INDEX(State_Level_Data!A2:A37,MATCH(MAX(State_Level_Data!B2:B37),State_Level_Data!B2:B37,0)) -> Kerala | F4: =MAX(State_Level_Data!B2:B37) -> 24.82 | G4: =INDEX(State_Level_Data!A2:A37,MATCH(MIN(State_Level_Data!B2:B37),State_Level_Data!B2:B37,0)) -> Ladakh | H4: =MIN(State_Level_Data!B2:B37) -> 6.69 | I4: =F4-H4 -> 18.13
A5: High Blood Sugar - Men (%) | B5: 15.58 | C5: =AVERAGE(State_Level_Data!C2:C37) -> 15.908056 | D5: =MEDIAN(State_Level_Data!C2:C37) -> 15.625 | E5: =INDEX(State_Level_Data!A2:A37,MATCH(MAX(State_Level_Data!C2:C37),State_Level_Data!C2:C37,0)) -> Kerala | F5: =MAX(State_Level_Data!C2:C37) -> 27.02 | G5: =INDEX(State_Level_Data!A2:A37,MATCH(MIN(State_Level_Data!C2:C37),State_Level_Data!C2:C37,0)) -> Jammu & Kashmir | H5: =MIN(State_Level_Data!C2:C37) -> 8.02 | I5: =F5-H5 -> 19
A6: Elevated Blood Pressure - Women (%) | B6: 21.28 | C6: =AVERAGE(State_Level_Data!D2:D37) -> 22.47 | D6: =MEDIAN(State_Level_Data!D2:D37) -> 22.655 | E6: =INDEX(State_Level_Data!A2:A37,MATCH(MAX(State_Level_Data!D2:D37),State_Level_Data!D2:D37,0)) -> Sikkim | F6: =MAX(State_Level_Data!D2:D37) -> 34.53 | G6: =INDEX(State_Level_Data!A2:A37,MATCH(MIN(State_Level_Data!D2:D37),State_Level_Data!D2:D37,0)) -> Dadra and Nagar Haveli & Daman and Diu | H6: =MIN(State_Level_Data!D2:D37) -> 14.91 | I6: =F6-H6 -> 19.62
A7: Elevated Blood Pressure - Men (%) | B7: 23.98 | C7: =AVERAGE(State_Level_Data!E2:E37) -> 26.210278 | D7: =MEDIAN(State_Level_Data!E2:E37) -> 25.405 | E7: =INDEX(State_Level_Data!A2:A37,MATCH(MAX(State_Level_Data!E2:E37),State_Level_Data!E2:E37,0)) -> Sikkim | F7: =MAX(State_Level_Data!E2:E37) -> 41.58 | G7: =INDEX(State_Level_Data!A2:A37,MATCH(MIN(State_Level_Data!E2:E37),State_Level_Data!E2:E37,0)) -> Dadra and Nagar Haveli & Daman and Diu | H7: =MIN(State_Level_Data!E2:E37) -> 15.39 | I7: =F7-H7 -> 26.19
A8: Overweight/Obese - Women (%) | B8: 24.02 | C8: =AVERAGE(State_Level_Data!F2:F37) -> 27.686111 | D8: =MEDIAN(State_Level_Data!F2:F37) -> 28.79 | E8: =INDEX(State_Level_Data!A2:A37,MATCH(MAX(State_Level_Data!F2:F37),State_Level_Data!F2:F37,0)) -> Puducherry | F8: =MAX(State_Level_Data!F2:F37) -> 46.2 | G8: =INDEX(State_Level_Data!A2:A37,MATCH(MIN(State_Level_Data!F2:F37),State_Level_Data!F2:F37,0)) -> Meghalaya | H8: =MIN(State_Level_Data!F2:F37) -> 11.48 | I8: =F8-H8 -> 34.72
A9: Overweight/Obese - Men (%) | B9: 22.88 | C9: =AVERAGE(State_Level_Data!G2:G37) -> 27.546667 | D9: =MEDIAN(State_Level_Data!G2:G37) -> 29.285 | E9: =INDEX(State_Level_Data!A2:A37,MATCH(MAX(State_Level_Data!G2:G37),State_Level_Data!G2:G37,0)) -> Andaman & Nicobar Islands | F9: =MAX(State_Level_Data!G2:G37) -> 45.3 | G9: =INDEX(State_Level_Data!A2:A37,MATCH(MIN(State_Level_Data!G2:G37),State_Level_Data!G2:G37,0)) -> Meghalaya | H9: =MIN(State_Level_Data!G2:G37) -> 13.87 | I9: =F9-H9 -> 31.43
A11: Note: 'National Figure' uses India's own reported Total row. 'Average of States' is an unweighted average across 36 states/UTs. Data corrected on [date] after Python validation caught 2 additional mis-parsed negative values in the Overweight columns (see DATA_QUALITY_CHECK log).
